USE rent_tool;

INSERT INTO users (id, full_name, email, phone, role, password_hash) VALUES
('00000000-0000-0000-0000-000000000001','Admin Uno','admin1@renttool.com','555-0001','ADMIN','$2a$10$demo'),
('00000000-0000-0000-0000-000000000002','Admin Dos','admin2@renttool.com','555-0002','ADMIN','$2a$10$demo'),
('00000000-0000-0000-0000-000000000003','Proveedor Uno','prov1@renttool.com','555-1001','PROVIDER','$2a$10$demo'),
('00000000-0000-0000-0000-000000000004','Proveedor Dos','prov2@renttool.com','555-1002','PROVIDER','$2a$10$demo'),
('00000000-0000-0000-0000-000000000005','Proveedor Tres','prov3@renttool.com','555-1003','PROVIDER','$2a$10$demo'),
('00000000-0000-0000-0000-000000000006','Proveedor Cuatro','prov4@renttool.com','555-1004','PROVIDER','$2a$10$demo'),
('00000000-0000-0000-0000-000000000007','Proveedor Cinco','prov5@renttool.com','555-1005','PROVIDER','$2a$10$demo'),
('00000000-0000-0000-0000-000000000008','Proveedor Seis','prov6@renttool.com','555-1006','PROVIDER','$2a$10$demo'),
('00000000-0000-0000-0000-000000000009','Proveedor Siete','prov7@renttool.com','555-1007','PROVIDER','$2a$10$demo'),
('00000000-0000-0000-0000-000000000010','Proveedor Ocho','prov8@renttool.com','555-1008','PROVIDER','$2a$10$demo'),
('00000000-0000-0000-0000-000000000011','Cliente Uno','cli1@renttool.com','555-2001','CUSTOMER','$2a$10$demo'),
('00000000-0000-0000-0000-000000000012','Cliente Dos','cli2@renttool.com','555-2002','CUSTOMER','$2a$10$demo'),
('00000000-0000-0000-0000-000000000013','Cliente Tres','cli3@renttool.com','555-2003','CUSTOMER','$2a$10$demo'),
('00000000-0000-0000-0000-000000000014','Cliente Cuatro','cli4@renttool.com','555-2004','CUSTOMER','$2a$10$demo'),
('00000000-0000-0000-0000-000000000015','Cliente Cinco','cli5@renttool.com','555-2005','CUSTOMER','$2a$10$demo'),
('00000000-0000-0000-0000-000000000016','Cliente Seis','cli6@renttool.com','555-2006','CUSTOMER','$2a$10$demo'),
('00000000-0000-0000-0000-000000000017','Cliente Siete','cli7@renttool.com','555-2007','CUSTOMER','$2a$10$demo'),
('00000000-0000-0000-0000-000000000018','Cliente Ocho','cli8@renttool.com','555-2008','CUSTOMER','$2a$10$demo'),
('00000000-0000-0000-0000-000000000019','Cliente Nueve','cli9@renttool.com','555-2009','CUSTOMER','$2a$10$demo'),
('00000000-0000-0000-0000-000000000020','Cliente Diez','cli10@renttool.com','555-2010','CUSTOMER','$2a$10$demo');

INSERT INTO categories (id, name) VALUES
('10000000-0000-0000-0000-000000000001','Taladros'),
('10000000-0000-0000-0000-000000000002','Sierras'),
('10000000-0000-0000-0000-000000000003','Lijadoras'),
('10000000-0000-0000-0000-000000000004','Compresores'),
('10000000-0000-0000-0000-000000000005','Generadores'),
('10000000-0000-0000-0000-000000000006','Martillos'),
('10000000-0000-0000-0000-000000000007','Pistolas'),
('10000000-0000-0000-0000-000000000008','Cortadoras'),
('10000000-0000-0000-0000-000000000009','Pulidoras'),
('10000000-0000-0000-0000-000000000010','Soldadoras'),
('10000000-0000-0000-0000-000000000011','Escaleras'),
('10000000-0000-0000-0000-000000000012','Aspiradoras'),
('10000000-0000-0000-0000-000000000013','Hidrolavadoras'),
('10000000-0000-0000-0000-000000000014','Cargadores'),
('10000000-0000-0000-0000-000000000015','Baterias'),
('10000000-0000-0000-0000-000000000016','Iluminacion'),
('10000000-0000-0000-0000-000000000017','Medidores'),
('10000000-0000-0000-0000-000000000018','Herramienta Manual'),
('10000000-0000-0000-0000-000000000019','Andamios'),
('10000000-0000-0000-0000-000000000020','Pintura');

INSERT INTO tools (id, name, category_id, hourly_rate, daily_rate, status, description, image_path) VALUES
('20000000-0000-0000-0000-000000000001','Taladro Bosch','10000000-0000-0000-0000-000000000001',5.00,25.00,'AVAILABLE','Taladro electrico de uso general',NULL),
('20000000-0000-0000-0000-000000000002','Sierra Circular','10000000-0000-0000-0000-000000000002',7.00,30.00,'AVAILABLE','Sierra circular para cortes precisos',NULL),
('20000000-0000-0000-0000-000000000003','Lijadora Orbital','10000000-0000-0000-0000-000000000003',4.50,22.00,'AVAILABLE','Lijadora orbital para acabados finos',NULL),
('20000000-0000-0000-0000-000000000004','Compresor 50L','10000000-0000-0000-0000-000000000004',8.00,35.00,'AVAILABLE','Compresor de aire 50 litros',NULL),
('20000000-0000-0000-0000-000000000005','Generador 5kW','10000000-0000-0000-0000-000000000005',12.00,50.00,'AVAILABLE','Generador portatil 5kW',NULL),
('20000000-0000-0000-0000-000000000006','Martillo Demoledor','10000000-0000-0000-0000-000000000006',10.00,45.00,'AVAILABLE','Martillo demoledor para concreto',NULL),
('20000000-0000-0000-0000-000000000007','Pistola Pintura','10000000-0000-0000-0000-000000000007',6.00,28.00,'AVAILABLE','Pistola para pintura con aire',NULL),
('20000000-0000-0000-0000-000000000008','Cortadora Azulejo','10000000-0000-0000-0000-000000000008',7.50,32.00,'AVAILABLE','Cortadora de azulejo profesional',NULL),
('20000000-0000-0000-0000-000000000009','Pulidora Auto','10000000-0000-0000-0000-000000000009',6.50,29.00,'AVAILABLE','Pulidora para autos',NULL),
('20000000-0000-0000-0000-000000000010','Soldadora MIG','10000000-0000-0000-0000-000000000010',11.00,48.00,'AVAILABLE','Soldadora MIG para acero',NULL),
('20000000-0000-0000-0000-000000000011','Escalera 3m','10000000-0000-0000-0000-000000000011',3.00,15.00,'AVAILABLE','Escalera extensible 3 metros',NULL),
('20000000-0000-0000-0000-000000000012','Aspiradora Industrial','10000000-0000-0000-0000-000000000012',5.50,24.00,'AVAILABLE','Aspiradora industrial potente',NULL),
('20000000-0000-0000-0000-000000000013','Hidrolavadora Pro','10000000-0000-0000-0000-000000000013',9.00,40.00,'AVAILABLE','Hidrolavadora profesional',NULL),
('20000000-0000-0000-0000-000000000014','Cargador Rapido','10000000-0000-0000-0000-000000000014',2.00,10.00,'AVAILABLE','Cargador rapido universal',NULL),
('20000000-0000-0000-0000-000000000015','Bateria 5Ah','10000000-0000-0000-0000-000000000015',2.50,12.00,'AVAILABLE','Bateria recargable 5Ah',NULL),
('20000000-0000-0000-0000-000000000016','Torre Luz','10000000-0000-0000-0000-000000000016',8.50,36.00,'AVAILABLE','Torre de iluminacion',NULL),
('20000000-0000-0000-0000-000000000017','Medidor Laser','10000000-0000-0000-0000-000000000017',4.00,18.00,'AVAILABLE','Medidor laser de distancia',NULL),
('20000000-0000-0000-0000-000000000018','Caja Herramientas','10000000-0000-0000-0000-000000000018',3.50,16.00,'AVAILABLE','Caja de herramientas completa',NULL),
('20000000-0000-0000-0000-000000000019','Andamio 2m','10000000-0000-0000-0000-000000000019',9.50,42.00,'AVAILABLE','Andamio modular de 2 metros',NULL),
('20000000-0000-0000-0000-000000000020','Pistola Aire','10000000-0000-0000-0000-000000000020',4.75,20.00,'AVAILABLE','Pistola de aire comprimido',NULL);

INSERT INTO rentals (id, tool_id, customer_id, provider_id, start_date, end_date, total_amount, status, created_at) VALUES
('30000000-0000-0000-0000-000000000001','20000000-0000-0000-0000-000000000001','00000000-0000-0000-0000-000000000011','00000000-0000-0000-0000-000000000003','2026-02-01','2026-02-02',25.00,'ACTIVE','2026-02-01 10:00:00'),
('30000000-0000-0000-0000-000000000002','20000000-0000-0000-0000-000000000002','00000000-0000-0000-0000-000000000012','00000000-0000-0000-0000-000000000004','2026-02-02','2026-02-03',30.00,'ACTIVE','2026-02-02 10:00:00'),
('30000000-0000-0000-0000-000000000003','20000000-0000-0000-0000-000000000003','00000000-0000-0000-0000-000000000013','00000000-0000-0000-0000-000000000005','2026-02-03','2026-02-04',22.00,'ACTIVE','2026-02-03 10:00:00'),
('30000000-0000-0000-0000-000000000004','20000000-0000-0000-0000-000000000004','00000000-0000-0000-0000-000000000014','00000000-0000-0000-0000-000000000006','2026-02-04','2026-02-05',35.00,'ACTIVE','2026-02-04 10:00:00'),
('30000000-0000-0000-0000-000000000005','20000000-0000-0000-0000-000000000005','00000000-0000-0000-0000-000000000015','00000000-0000-0000-0000-000000000007','2026-02-05','2026-02-06',50.00,'ACTIVE','2026-02-05 10:00:00'),
('30000000-0000-0000-0000-000000000006','20000000-0000-0000-0000-000000000006','00000000-0000-0000-0000-000000000016','00000000-0000-0000-0000-000000000008','2026-02-06','2026-02-07',45.00,'ACTIVE','2026-02-06 10:00:00'),
('30000000-0000-0000-0000-000000000007','20000000-0000-0000-0000-000000000007','00000000-0000-0000-0000-000000000017','00000000-0000-0000-0000-000000000009','2026-02-07','2026-02-08',28.00,'ACTIVE','2026-02-07 10:00:00'),
('30000000-0000-0000-0000-000000000008','20000000-0000-0000-0000-000000000008','00000000-0000-0000-0000-000000000018','00000000-0000-0000-0000-000000000010','2026-02-08','2026-02-09',32.00,'ACTIVE','2026-02-08 10:00:00'),
('30000000-0000-0000-0000-000000000009','20000000-0000-0000-0000-000000000009','00000000-0000-0000-0000-000000000019','00000000-0000-0000-0000-000000000003','2026-02-09','2026-02-10',29.00,'ACTIVE','2026-02-09 10:00:00'),
('30000000-0000-0000-0000-000000000010','20000000-0000-0000-0000-000000000010','00000000-0000-0000-0000-000000000020','00000000-0000-0000-0000-000000000004','2026-02-10','2026-02-11',48.00,'ACTIVE','2026-02-10 10:00:00'),
('30000000-0000-0000-0000-000000000011','20000000-0000-0000-0000-000000000011','00000000-0000-0000-0000-000000000011','00000000-0000-0000-0000-000000000005','2026-02-11','2026-02-12',15.00,'RETURNED','2026-02-11 10:00:00'),
('30000000-0000-0000-0000-000000000012','20000000-0000-0000-0000-000000000012','00000000-0000-0000-0000-000000000012','00000000-0000-0000-0000-000000000006','2026-02-12','2026-02-13',24.00,'RETURNED','2026-02-12 10:00:00'),
('30000000-0000-0000-0000-000000000013','20000000-0000-0000-0000-000000000013','00000000-0000-0000-0000-000000000013','00000000-0000-0000-0000-000000000007','2026-02-13','2026-02-14',40.00,'RETURNED','2026-02-13 10:00:00'),
('30000000-0000-0000-0000-000000000014','20000000-0000-0000-0000-000000000014','00000000-0000-0000-0000-000000000014','00000000-0000-0000-0000-000000000008','2026-02-14','2026-02-15',10.00,'RETURNED','2026-02-14 10:00:00'),
('30000000-0000-0000-0000-000000000015','20000000-0000-0000-0000-000000000015','00000000-0000-0000-0000-000000000015','00000000-0000-0000-0000-000000000009','2026-02-15','2026-02-16',12.00,'RETURNED','2026-02-15 10:00:00'),
('30000000-0000-0000-0000-000000000016','20000000-0000-0000-0000-000000000016','00000000-0000-0000-0000-000000000016','00000000-0000-0000-0000-000000000010','2026-02-16','2026-02-17',36.00,'REQUESTED','2026-02-16 10:00:00'),
('30000000-0000-0000-0000-000000000017','20000000-0000-0000-0000-000000000017','00000000-0000-0000-0000-000000000017','00000000-0000-0000-0000-000000000003','2026-02-17','2026-02-18',18.00,'REQUESTED','2026-02-17 10:00:00'),
('30000000-0000-0000-0000-000000000018','20000000-0000-0000-0000-000000000018','00000000-0000-0000-0000-000000000018','00000000-0000-0000-0000-000000000004','2026-02-18','2026-02-19',16.00,'REQUESTED','2026-02-18 10:00:00'),
('30000000-0000-0000-0000-000000000019','20000000-0000-0000-0000-000000000019','00000000-0000-0000-0000-000000000019','00000000-0000-0000-0000-000000000005','2026-02-19','2026-02-20',42.00,'REQUESTED','2026-02-19 10:00:00'),
('30000000-0000-0000-0000-000000000020','20000000-0000-0000-0000-000000000020','00000000-0000-0000-0000-000000000020','00000000-0000-0000-0000-000000000006','2026-02-20','2026-02-21',20.00,'REQUESTED','2026-02-20 10:00:00');

INSERT INTO payments (id, rental_id, amount, status, method, created_at) VALUES
('40000000-0000-0000-0000-000000000001','30000000-0000-0000-0000-000000000001',25.00,'PAID','MOCK','2026-02-01 12:00:00'),
('40000000-0000-0000-0000-000000000002','30000000-0000-0000-0000-000000000002',30.00,'PAID','MOCK','2026-02-02 12:00:00'),
('40000000-0000-0000-0000-000000000003','30000000-0000-0000-0000-000000000003',22.00,'PAID','MOCK','2026-02-03 12:00:00'),
('40000000-0000-0000-0000-000000000004','30000000-0000-0000-0000-000000000004',35.00,'PAID','MOCK','2026-02-04 12:00:00'),
('40000000-0000-0000-0000-000000000005','30000000-0000-0000-0000-000000000005',50.00,'PAID','MOCK','2026-02-05 12:00:00'),
('40000000-0000-0000-0000-000000000006','30000000-0000-0000-0000-000000000006',45.00,'PAID','MOCK','2026-02-06 12:00:00'),
('40000000-0000-0000-0000-000000000007','30000000-0000-0000-0000-000000000007',28.00,'PAID','MOCK','2026-02-07 12:00:00'),
('40000000-0000-0000-0000-000000000008','30000000-0000-0000-0000-000000000008',32.00,'PAID','MOCK','2026-02-08 12:00:00'),
('40000000-0000-0000-0000-000000000009','30000000-0000-0000-0000-000000000009',29.00,'PAID','MOCK','2026-02-09 12:00:00'),
('40000000-0000-0000-0000-000000000010','30000000-0000-0000-0000-000000000010',48.00,'PAID','MOCK','2026-02-10 12:00:00'),
('40000000-0000-0000-0000-000000000011','30000000-0000-0000-0000-000000000011',15.00,'PAID','MOCK','2026-02-11 12:00:00'),
('40000000-0000-0000-0000-000000000012','30000000-0000-0000-0000-000000000012',24.00,'PAID','MOCK','2026-02-12 12:00:00'),
('40000000-0000-0000-0000-000000000013','30000000-0000-0000-0000-000000000013',40.00,'PAID','MOCK','2026-02-13 12:00:00'),
('40000000-0000-0000-0000-000000000014','30000000-0000-0000-0000-000000000014',10.00,'PAID','MOCK','2026-02-14 12:00:00'),
('40000000-0000-0000-0000-000000000015','30000000-0000-0000-0000-000000000015',12.00,'PAID','MOCK','2026-02-15 12:00:00'),
('40000000-0000-0000-0000-000000000016','30000000-0000-0000-0000-000000000016',36.00,'PENDING','MOCK','2026-02-16 12:00:00'),
('40000000-0000-0000-0000-000000000017','30000000-0000-0000-0000-000000000017',18.00,'PENDING','MOCK','2026-02-17 12:00:00'),
('40000000-0000-0000-0000-000000000018','30000000-0000-0000-0000-000000000018',16.00,'PENDING','MOCK','2026-02-18 12:00:00'),
('40000000-0000-0000-0000-000000000019','30000000-0000-0000-0000-000000000019',42.00,'PENDING','MOCK','2026-02-19 12:00:00'),
('40000000-0000-0000-0000-000000000020','30000000-0000-0000-0000-000000000020',20.00,'PENDING','MOCK','2026-02-20 12:00:00');

INSERT INTO damage_reports (id, rental_id, tool_id, description, resolved, created_at) VALUES
('50000000-0000-0000-0000-000000000001','30000000-0000-0000-0000-000000000001','20000000-0000-0000-0000-000000000001','Golpe menor',0,'2026-02-02 09:00:00'),
('50000000-0000-0000-0000-000000000002','30000000-0000-0000-0000-000000000002','20000000-0000-0000-0000-000000000002','Cable desgastado',0,'2026-02-03 09:00:00'),
('50000000-0000-0000-0000-000000000003','30000000-0000-0000-0000-000000000003','20000000-0000-0000-0000-000000000003','Ruido anormal',0,'2026-02-04 09:00:00'),
('50000000-0000-0000-0000-000000000004','30000000-0000-0000-0000-000000000004','20000000-0000-0000-0000-000000000004','Fuga de aire',0,'2026-02-05 09:00:00'),
('50000000-0000-0000-0000-000000000005','30000000-0000-0000-0000-000000000005','20000000-0000-0000-0000-000000000005','Arranque lento',0,'2026-02-06 09:00:00'),
('50000000-0000-0000-0000-000000000006','30000000-0000-0000-0000-000000000006','20000000-0000-0000-0000-000000000006','Vibracion alta',0,'2026-02-07 09:00:00'),
('50000000-0000-0000-0000-000000000007','30000000-0000-0000-0000-000000000007','20000000-0000-0000-0000-000000000007','Boquilla obstruida',0,'2026-02-08 09:00:00'),
('50000000-0000-0000-0000-000000000008','30000000-0000-0000-0000-000000000008','20000000-0000-0000-0000-000000000008','Corte irregular',0,'2026-02-09 09:00:00'),
('50000000-0000-0000-0000-000000000009','30000000-0000-0000-0000-000000000009','20000000-0000-0000-0000-000000000009','Desbalance',0,'2026-02-10 09:00:00'),
('50000000-0000-0000-0000-000000000010','30000000-0000-0000-0000-000000000010','20000000-0000-0000-0000-000000000010','Cable dañado',0,'2026-02-11 09:00:00'),
('50000000-0000-0000-0000-000000000011','30000000-0000-0000-0000-000000000011','20000000-0000-0000-0000-000000000011','Peldaño flojo',1,'2026-02-12 09:00:00'),
('50000000-0000-0000-0000-000000000012','30000000-0000-0000-0000-000000000012','20000000-0000-0000-0000-000000000012','Filtro sucio',1,'2026-02-13 09:00:00'),
('50000000-0000-0000-0000-000000000013','30000000-0000-0000-0000-000000000013','20000000-0000-0000-0000-000000000013','Manguera rota',1,'2026-02-14 09:00:00'),
('50000000-0000-0000-0000-000000000014','30000000-0000-0000-0000-000000000014','20000000-0000-0000-0000-000000000014','Carcasa rayada',1,'2026-02-15 09:00:00'),
('50000000-0000-0000-0000-000000000015','30000000-0000-0000-0000-000000000015','20000000-0000-0000-0000-000000000015','Contactos sucios',1,'2026-02-16 09:00:00'),
('50000000-0000-0000-0000-000000000016','30000000-0000-0000-0000-000000000016','20000000-0000-0000-0000-000000000016','Foco quemado',0,'2026-02-17 09:00:00'),
('50000000-0000-0000-0000-000000000017','30000000-0000-0000-0000-000000000017','20000000-0000-0000-0000-000000000017','Bateria baja',0,'2026-02-18 09:00:00'),
('50000000-0000-0000-0000-000000000018','30000000-0000-0000-0000-000000000018','20000000-0000-0000-0000-000000000018','Bisagra floja',0,'2026-02-19 09:00:00'),
('50000000-0000-0000-0000-000000000019','30000000-0000-0000-0000-000000000019','20000000-0000-0000-0000-000000000019','Seguro suelto',0,'2026-02-20 09:00:00'),
('50000000-0000-0000-0000-000000000020','30000000-0000-0000-0000-000000000020','20000000-0000-0000-0000-000000000020','Boquilla dañada',0,'2026-02-21 09:00:00');

INSERT INTO invoices (id, rental_id, pdf_data, created_at) VALUES
('60000000-0000-0000-0000-000000000001','30000000-0000-0000-0000-000000000001',0x25504446,'2026-02-01 12:05:00'),
('60000000-0000-0000-0000-000000000002','30000000-0000-0000-0000-000000000002',0x25504446,'2026-02-02 12:05:00'),
('60000000-0000-0000-0000-000000000003','30000000-0000-0000-0000-000000000003',0x25504446,'2026-02-03 12:05:00'),
('60000000-0000-0000-0000-000000000004','30000000-0000-0000-0000-000000000004',0x25504446,'2026-02-04 12:05:00'),
('60000000-0000-0000-0000-000000000005','30000000-0000-0000-0000-000000000005',0x25504446,'2026-02-05 12:05:00'),
('60000000-0000-0000-0000-000000000006','30000000-0000-0000-0000-000000000006',0x25504446,'2026-02-06 12:05:00'),
('60000000-0000-0000-0000-000000000007','30000000-0000-0000-0000-000000000007',0x25504446,'2026-02-07 12:05:00'),
('60000000-0000-0000-0000-000000000008','30000000-0000-0000-0000-000000000008',0x25504446,'2026-02-08 12:05:00'),
('60000000-0000-0000-0000-000000000009','30000000-0000-0000-0000-000000000009',0x25504446,'2026-02-09 12:05:00'),
('60000000-0000-0000-0000-000000000010','30000000-0000-0000-0000-000000000010',0x25504446,'2026-02-10 12:05:00'),
('60000000-0000-0000-0000-000000000011','30000000-0000-0000-0000-000000000011',0x25504446,'2026-02-11 12:05:00'),
('60000000-0000-0000-0000-000000000012','30000000-0000-0000-0000-000000000012',0x25504446,'2026-02-12 12:05:00'),
('60000000-0000-0000-0000-000000000013','30000000-0000-0000-0000-000000000013',0x25504446,'2026-02-13 12:05:00'),
('60000000-0000-0000-0000-000000000014','30000000-0000-0000-0000-000000000014',0x25504446,'2026-02-14 12:05:00'),
('60000000-0000-0000-0000-000000000015','30000000-0000-0000-0000-000000000015',0x25504446,'2026-02-15 12:05:00'),
('60000000-0000-0000-0000-000000000016','30000000-0000-0000-0000-000000000016',0x25504446,'2026-02-16 12:05:00'),
('60000000-0000-0000-0000-000000000017','30000000-0000-0000-0000-000000000017',0x25504446,'2026-02-17 12:05:00'),
('60000000-0000-0000-0000-000000000018','30000000-0000-0000-0000-000000000018',0x25504446,'2026-02-18 12:05:00'),
('60000000-0000-0000-0000-000000000019','30000000-0000-0000-0000-000000000019',0x25504446,'2026-02-19 12:05:00'),
('60000000-0000-0000-0000-000000000020','30000000-0000-0000-0000-000000000020',0x25504446,'2026-02-20 12:05:00');
